,id,score
0,1000.jpg,0.558
1,10000.jpg,0.5053763440860215
2,10002.jpg,0.42433862433862435
3,100050.jpg,0.5740853658536585
4,10006.jpg,0.5048128342245989
5,10007.jpg,0.5887640449438203
6,10009.jpg,0.6786516853932584
7,10010.jpg,0.4808743169398907
8,10011.jpg,0.5705882352941176
9,10014.jpg,0.4966292134831461
10,100152.jpg,0.4694267515923567
11,10016.jpg,0.5505376344086022
12,10019.jpg,0.49213483146067416
13,100194.jpg,0.5360759493670886
14,100196.jpg,0.554601226993865
15,1004.jpg,0.6214634146341463
16,1005.jpg,0.5663316582914573
17,1006.jpg,0.6388059701492537
18,1008.jpg,0.5388059701492537
19,101.jpg,0.34150943396226413
20,1010.jpg,0.5081632653061224
21,1013.jpg,0.6198019801980198
22,1016.jpg,0.6035175879396986
23,1017.jpg,0.5341584158415842
24,1023.jpg,0.42777777777777776
25,1024.jpg,0.5708542713567839
26,1025.jpg,0.64
27,1030.jpg,0.502020202020202
28,1031.jpg,0.5455445544554456
29,1033.jpg,0.47609756097560973
30,1034.jpg,0.49800995024875616
31,1035.jpg,0.3217821782178218
32,1036.jpg,0.39603960396039606
33,1037.jpg,0.317
34,1038.jpg,0.5717073170731707
35,1039.jpg,0.47673267326732677
36,1042.jpg,0.43930348258706464
37,1046.jpg,0.4209183673469388
38,1047.jpg,0.4417910447761194
39,1048.jpg,0.5004926108374385
40,1051.jpg,0.48855721393034823
41,1052.jpg,0.5287804878048781
42,1054.jpg,0.6088669950738916
43,1055.jpg,0.5642156862745098
44,1057.jpg,0.382
45,106.jpg,0.86
46,107.jpg,0.3945945945945946
47,108.jpg,0.42792792792792794
48,109.jpg,0.5491071428571429
49,1097.jpg,0.5703883495145632
50,1098.jpg,0.5455882352941177
51,1100.jpg,0.387192118226601
52,1104.jpg,0.49303482587064673
53,1105.jpg,0.2409090909090909
54,1106.jpg,0.45024630541871924
55,1107.jpg,0.5271844660194175
56,1108.jpg,0.6303921568627451
57,1109.jpg,0.5770731707317073
58,1111.jpg,0.47804878048780486
59,1112.jpg,0.552970297029703
60,1113.jpg,0.5024630541871921
61,1115.jpg,0.46318407960199004
62,1116.jpg,0.5059701492537314
63,1117.jpg,0.5141463414634146
64,1118.jpg,0.6712871287128712
65,1119.jpg,0.37623762376237624
66,1120.jpg,0.5564102564102564
67,1121.jpg,0.4115577889447236
68,1122.jpg,0.5553921568627451
69,1123.jpg,0.594949494949495
70,1124.jpg,0.6376237623762376
71,1125.jpg,0.5263414634146342
72,1126.jpg,0.5201970443349754
73,1127.jpg,0.34700000000000003
74,1129.jpg,0.4235294117647059
75,1130.jpg,0.6277227722772277
76,1131.jpg,0.6181372549019608
77,1132.jpg,0.668472906403941
78,1133.jpg,0.5429999999999999
79,1134.jpg,0.4296482412060302
80,1135.jpg,0.46442307692307694
81,1136.jpg,0.4686868686868687
82,1138.jpg,0.6039800995024875
83,1139.jpg,0.4136363636363637
84,1140.jpg,0.5854368932038835
85,1141.jpg,0.6119402985074627
86,1142.jpg,0.4051020408163265
87,1143.jpg,0.5935323383084576
88,1144.jpg,0.41010101010101013
89,1145.jpg,0.48878048780487804
90,1146.jpg,0.43401015228426393
91,1147.jpg,0.6215384615384616
92,1149.jpg,0.5643564356435643
93,1151.jpg,0.6073891625615764
94,1152.jpg,0.5223880597014926
95,1154.jpg,0.43869346733668346
96,1155.jpg,0.6
97,1157.jpg,0.5313725490196078
98,1158.jpg,0.657286432160804
99,1159.jpg,0.6275000000000001
100,1160.jpg,0.3598984771573604
101,1161.jpg,0.42699999999999994
102,1162.jpg,0.47128712871287126
103,1164.jpg,0.7470588235294118
104,1165.jpg,0.6025
105,1166.jpg,0.6385
106,1167.jpg,0.5545454545454546
107,1168.jpg,0.5108910891089109
108,1169.jpg,0.4408163265306122
109,1171.jpg,0.6362244897959184
110,1172.jpg,0.5656565656565656
111,1175.jpg,0.6430693069306931
112,1176.jpg,0.4287958115183246
113,1177.jpg,0.44896907216494847
114,1178.jpg,0.3931216931216931
115,118.jpg,0.524778761061947
116,1184.jpg,0.6169230769230769
117,1185.jpg,0.32864583333333336
118,1187.jpg,0.6233830845771144
119,1189.jpg,0.4520833333333333
120,1194.jpg,0.40890052356020945
121,1195.jpg,0.35585106382978726
122,1197.jpg,0.5566326530612244
123,1198.jpg,0.5427835051546392
124,1199.jpg,0.4329842931937173
125,1200.jpg,0.6230769230769231
126,1203.jpg,0.39326424870466326
127,1204.jpg,0.4373056994818653
128,1205.jpg,0.581151832460733
129,1206.jpg,0.5545918367346939
130,1209.jpg,0.5338461538461539
131,1210.jpg,0.5541666666666667
132,1212.jpg,0.5706806282722513
133,1213.jpg,0.4979166666666667
134,1214.jpg,0.5649214659685864
135,1218.jpg,0.3862433862433862
136,1219.jpg,0.4693121693121693
137,122.jpg,0.5990990990990991
138,1220.jpg,0.4952879581151833
139,1224.jpg,0.40471204188481674
140,1229.jpg,0.6374358974358973
141,123.jpg,0.47927927927927927
142,1234.jpg,0.4951871657754011
143,1235.jpg,0.5505208333333333
144,1237.jpg,0.5421875
145,1238.jpg,0.434375
146,1239.jpg,0.6765
147,124.jpg,0.6162162162162163
148,1244.jpg,0.43834196891191707
149,1249.jpg,0.6351063829787235
150,125.jpg,0.5063063063063062
151,1253.jpg,0.35206185567010306
152,1254.jpg,0.5130890052356021
153,1256.jpg,0.499492385786802
154,1257.jpg,0.6030456852791878
155,126.jpg,0.6513513513513514
156,1260.jpg,0.5614583333333333
157,1263.jpg,0.5549738219895288
158,1265.jpg,0.5357142857142857
159,1267.jpg,0.5290155440414508
160,1268.jpg,0.5133333333333334
161,1269.jpg,0.6369458128078818
162,1270.jpg,0.6569230769230769
163,1272.jpg,0.3248704663212435
164,1273.jpg,0.4271276595744681
165,1274.jpg,0.5047619047619047
166,1279.jpg,0.3592964824120603
167,128.jpg,0.68125
168,1280.jpg,0.44153846153846155
169,1281.jpg,0.42994652406417116
170,1282.jpg,0.3673913043478261
171,1285.jpg,0.375
172,1287.jpg,0.4507936507936508
173,1288.jpg,0.3865979381443299
174,1289.jpg,0.36894736842105263
175,1293.jpg,0.5606217616580311
176,1294.jpg,0.5078125
177,1295.jpg,0.4979057591623037
178,1297.jpg,0.4255208333333333
179,1298.jpg,0.46436170212765954
180,1299.jpg,0.5781420765027322
181,130.jpg,0.4553571428571429
182,1300.jpg,0.4848167539267016
183,1302.jpg,0.4989637305699482
184,1304.jpg,0.558974358974359
185,1305.jpg,0.5702127659574467
186,1306.jpg,0.4539267015706806
187,1307.jpg,0.5526595744680851
188,1308.jpg,0.41875
189,131.jpg,0.6026785714285714
190,1310.jpg,0.3526595744680851
191,1311.jpg,0.5471204188481675
192,1313.jpg,0.4078947368421052
193,1314.jpg,0.52
194,1315.jpg,0.5036649214659686
195,1316.jpg,0.344973544973545
196,1317.jpg,0.5828125
197,132.jpg,0.7118181818181818
198,1321.jpg,0.4026881720430108
199,1322.jpg,0.42783505154639173
200,1324.jpg,0.5143589743589744
201,1326.jpg,0.6056701030927835
202,1327.jpg,0.6533333333333333
203,1328.jpg,0.6026041666666667
204,1329.jpg,0.42412060301507537
205,133.jpg,0.44324324324324327
206,1330.jpg,0.4939086294416244
207,1331.jpg,0.4577540106951871
208,1332.jpg,0.47120418848167545
209,1333.jpg,0.48162162162162164
210,1334.jpg,0.5776041666666667
211,1335.jpg,0.4978947368421053
212,1336.jpg,0.3849462365591398
213,1339.jpg,0.6142105263157894
214,134.jpg,0.5589285714285714
215,1340.jpg,0.5592391304347826
216,1341.jpg,0.6118279569892473
217,1346.jpg,0.5155080213903743
218,1347.jpg,0.567379679144385
219,1348.jpg,0.43989361702127655
220,1350.jpg,0.5740540540540541
221,1351.jpg,0.43280423280423286
222,1353.jpg,0.5654255319148935
223,1354.jpg,0.3671875
224,1356.jpg,0.3510752688172043
225,1357.jpg,0.4238095238095238
226,1359.jpg,0.5215686274509804
227,1361.jpg,0.3751219512195122
228,1363.jpg,0.557286432160804
229,1364.jpg,0.5199052132701422
230,1367.jpg,0.5413793103448276
231,1368.jpg,0.5647058823529412
232,137.jpg,0.6472727272727272
233,1377.jpg,0.5392156862745099
234,1378.jpg,0.41911764705882354
235,1380.jpg,0.4215686274509804
236,1384.jpg,0.6888349514563107
237,1385.jpg,0.48118811881188117
238,1389.jpg,0.625
239,1391.jpg,0.6470588235294118
240,1393.jpg,0.6263414634146341
241,1394.jpg,0.6565217391304348
242,1396.jpg,0.44299999999999995
243,1399.jpg,0.5203980099502488
244,140.jpg,0.5845454545454546
245,1400.jpg,0.6058823529411764
246,1401.jpg,0.5689320388349515
247,1402.jpg,0.5313432835820896
248,1403.jpg,0.5060301507537688
249,1404.jpg,0.6942583732057417
250,1406.jpg,0.4668341708542713
251,1407.jpg,0.5131313131313131
252,1408.jpg,0.38851674641148326
253,1409.jpg,0.38878048780487806
254,1410.jpg,0.4792270531400966
255,1411.jpg,0.5262135922330098
256,1415.jpg,0.5926108374384237
257,1417.jpg,0.4567164179104478
258,1419.jpg,0.4880597014925373
259,142.jpg,0.6269230769230769
260,1420.jpg,0.4004878048780488
261,1421.jpg,0.4279187817258883
262,1422.jpg,0.6004950495049505
263,1424.jpg,0.5355000000000001
264,1426.jpg,0.26534653465346536
265,1427.jpg,0.4117647058823529
266,1428.jpg,0.6328282828282827
267,1433.jpg,0.6818627450980392
268,1434.jpg,0.3945273631840796
269,1435.jpg,0.44257425742574263
270,1439.jpg,0.46950000000000003
271,1440.jpg,0.5043689320388349
272,1441.jpg,0.40147058823529413
273,1442.jpg,0.5400990099009901
274,1443.jpg,0.5509999999999999
275,1445.jpg,0.6166666666666667
276,1449.jpg,0.4417085427135678
277,1452.jpg,0.6450236966824645
278,1455.jpg,0.5990196078431372
279,1456.jpg,0.38177339901477836
280,1459.jpg,0.5019607843137255
281,146.jpg,0.4422077922077922
282,1461.jpg,0.5100502512562815
283,1462.jpg,0.6559999999999999
284,1463.jpg,0.7093596059113301
285,1464.jpg,0.5529411764705883
286,1465.jpg,0.6308457711442786
287,1466.jpg,0.665
288,1467.jpg,0.562
289,1468.jpg,0.6551724137931034
290,1469.jpg,0.43686868686868685
291,147.jpg,0.5714285714285714
292,1472.jpg,0.5618811881188119
293,1473.jpg,0.5586734693877551
294,1474.jpg,0.5272727272727272
295,1475.jpg,0.5238578680203045
296,1479.jpg,0.6015075376884422
297,1480.jpg,0.6019512195121951
298,1486.jpg,0.5173267326732673
299,1487.jpg,0.4313131313131313
300,1488.jpg,0.5855072463768116
301,149.jpg,0.6477707006369426
302,1491.jpg,0.577560975609756
303,1493.jpg,0.7556650246305419
304,1494.jpg,0.6434782608695653
305,1497.jpg,0.4587378640776699
306,1498.jpg,0.6879396984924624
307,1499.jpg,0.58
308,150.jpg,0.8517441860465116
309,1501.jpg,0.5541237113402062
310,1502.jpg,0.5573529411764706
311,1503.jpg,0.6391089108910891
312,1504.jpg,0.3871657754010695
313,1509.jpg,0.7364583333333333
314,1510.jpg,0.3695187165775401
315,1512.jpg,0.21813471502590676
316,1515.jpg,0.4671875
317,1517.jpg,0.3816753926701571
318,1518.jpg,0.3704663212435233
319,1520.jpg,0.5934343434343434
320,1522.jpg,0.5276923076923077
321,1524.jpg,0.4416666666666667
322,1525.jpg,0.4578125
323,1526.jpg,0.6577319587628866
324,1527.jpg,0.4854166666666667
325,153.jpg,0.620125786163522
326,1532.jpg,0.43775510204081636
327,1534.jpg,0.3
328,1535.jpg,0.43678756476683944
329,1537.jpg,0.41904761904761906
330,154.jpg,0.3557692307692307
331,1541.jpg,0.571356783919598
332,1544.jpg,0.33471502590673574
333,1545.jpg,0.5861538461538461
334,1547.jpg,0.5489690721649485
335,1548.jpg,0.4810526315789474
336,1549.jpg,0.6454081632653061
337,155.jpg,0.5198717948717949
338,1551.jpg,0.46288659793814435
339,1553.jpg,0.3907216494845361
340,1554.jpg,0.3671794871794872
341,1555.jpg,0.5108247422680412
342,1557.jpg,0.4542713567839196
343,1558.jpg,0.6842639593908629
344,1559.jpg,0.49581151832460735
345,1560.jpg,0.47830687830687835
346,1561.jpg,0.35595854922279796
347,1566.jpg,0.5150259067357512
348,1569.jpg,0.4947368421052632
349,1570.jpg,0.3776595744680851
350,1571.jpg,0.4243523316062176
351,1572.jpg,0.44623115577889444
352,1574.jpg,0.5523316062176166
353,1579.jpg,0.5197969543147207
354,158.jpg,0.6496815286624205
355,1583.jpg,0.4382198952879581
356,1584.jpg,0.30471204188481676
357,1585.jpg,0.6813131313131313
358,1586.jpg,0.4297435897435897
359,1587.jpg,0.6565656565656566
360,1590.jpg,0.6615384615384615
361,1591.jpg,0.6873096446700508
362,1593.jpg,0.5820105820105821
363,1594.jpg,0.5416666666666667
364,1595.jpg,0.6553846153846153
365,1596.jpg,0.4427083333333333
366,1597.jpg,0.44461538461538463
367,1598.jpg,0.4328125
368,160.jpg,0.6729559748427673
369,1600.jpg,0.6448453608247423
370,1601.jpg,0.5336734693877551
371,1602.jpg,0.6112820512820513
372,1603.jpg,0.4958549222797927
373,1604.jpg,0.5437837837837838
374,1606.jpg,0.44564102564102565
375,1608.jpg,0.6
376,1609.jpg,0.6443298969072165
377,1610.jpg,0.5833333333333333
378,1611.jpg,0.5121827411167513
379,1614.jpg,0.37939698492462315
380,1615.jpg,0.6841025641025641
381,1616.jpg,0.4448979591836735
382,1617.jpg,0.5139175257731959
383,1618.jpg,0.43473684210526314
384,1619.jpg,0.6797979797979797
385,162.jpg,0.8098765432098766
386,1620.jpg,0.44421052631578944
387,1621.jpg,0.746
388,1622.jpg,0.4298507462686567
389,1623.jpg,0.5558510638297872
390,1624.jpg,0.3441624365482233
391,1625.jpg,0.4121693121693122
392,1626.jpg,0.5268817204301075
393,1627.jpg,0.5185567010309279
394,1628.jpg,0.4862944162436548
395,1629.jpg,0.468586387434555
396,1630.jpg,0.3544041450777202
397,1632.jpg,0.559375
398,1633.jpg,0.5056410256410256
399,1635.jpg,0.4304347826086956
400,1639.jpg,0.473015873015873
401,1641.jpg,0.6521052631578947
402,1643.jpg,0.51139896373057
403,1644.jpg,0.36243386243386244
404,1645.jpg,0.6373056994818653
405,1647.jpg,0.6057894736842105
406,1648.jpg,0.544385026737968
407,1649.jpg,0.5321052631578947
408,165.jpg,0.48410596026490066
409,1650.jpg,0.6144329896907217
410,1651.jpg,0.4420212765957447
411,1653.jpg,0.3547872340425532
412,1655.jpg,0.4198952879581152
413,1656.jpg,0.4315508021390374
414,1657.jpg,0.3879581151832461
415,1658.jpg,0.547938144329897
416,1659.jpg,0.3908108108108108
417,166.jpg,0.5225165562913907
418,1662.jpg,0.5850515463917525
419,1664.jpg,0.4825396825396825
420,1665.jpg,0.414070351758794
421,1666.jpg,0.6025906735751295
422,1667.jpg,0.5109375
423,167.jpg,0.3841059602649007
424,1671.jpg,0.43526570048309177
425,1675.jpg,0.4409756097560976
426,1676.jpg,0.5805
427,1677.jpg,0.7753694581280788
428,1678.jpg,0.5389162561576355
429,168.jpg,0.5248322147651007
430,1680.jpg,0.4004901960784314
431,1681.jpg,0.35024390243902437
432,1685.jpg,0.6442857142857144
433,1686.jpg,0.5802955665024631
434,1687.jpg,0.42227722772277226
435,169.jpg,0.5315436241610738
436,1692.jpg,0.5130653266331658
437,1694.jpg,0.4742857142857143
438,1695.jpg,0.3926470588235294
439,1696.jpg,0.5663414634146341
440,1697.jpg,0.509
441,170.jpg,0.6771812080536913
442,1701.jpg,0.48888888888888893
443,1702.jpg,0.4674757281553398
444,1706.jpg,0.6072815533980582
445,1707.jpg,0.6315533980582524
446,1709.jpg,0.5429268292682927
447,1713.jpg,0.5155339805825243
448,1717.jpg,0.42727272727272725
449,1719.jpg,0.5945273631840796
450,172.jpg,0.5351351351351352
451,1721.jpg,0.5507317073170731
452,1722.jpg,0.6297560975609756
453,1725.jpg,0.5922705314009662
454,1727.jpg,0.5980676328502416
455,1728.jpg,0.5029556650246305
456,1729.jpg,0.5835748792270532
457,1731.jpg,0.6310679611650485
458,1732.jpg,0.6770334928229664
459,1735.jpg,0.5126829268292683
460,1736.jpg,0.646268656716418
461,1737.jpg,0.5762376237623762
462,174.jpg,0.4927152317880795
463,1740.jpg,0.7231884057971014
464,1741.jpg,0.5553921568627451
465,1742.jpg,0.5315533980582524
466,1743.jpg,0.7035175879396985
467,1744.jpg,0.7349753694581281
468,1745.jpg,0.5217821782178218
469,1746.jpg,0.5970731707317073
470,1747.jpg,0.47205882352941175
471,1748.jpg,0.537378640776699
472,1749.jpg,0.5927536231884057
473,175.jpg,0.6523489932885906
474,1750.jpg,0.5826923076923076
475,1751.jpg,0.5507537688442211
476,1752.jpg,0.4917073170731707
477,1753.jpg,0.592
478,1754.jpg,0.5184079601990049
479,1755.jpg,0.4897560975609756
480,1757.jpg,0.6509615384615385
481,1758.jpg,0.4215686274509804
482,176.jpg,0.4850340136054422
483,1760.jpg,0.5507317073170731
484,1761.jpg,0.5669950738916256
485,1762.jpg,0.5053921568627451
486,1763.jpg,0.48235294117647054
487,1764.jpg,0.5975490196078431
488,1765.jpg,0.5846534653465347
489,1766.jpg,0.47961165048543686
490,1767.jpg,0.39950248756218903
491,1768.jpg,0.6109452736318408
492,177.jpg,0.372972972972973
493,1770.jpg,0.6283653846153846
494,1772.jpg,0.4568627450980392
495,1774.jpg,0.5117647058823529
496,1776.jpg,0.5745
497,1777.jpg,0.44797979797979803
498,1778.jpg,0.5497607655502392
499,1779.jpg,0.5199029126213592
500,178.jpg,0.6149659863945578
501,1780.jpg,0.5354368932038834
502,1781.jpg,0.4376884422110553
503,1783.jpg,0.6237864077669902
504,1784.jpg,0.5383495145631068
505,1785.jpg,0.4793969849246231
506,1786.jpg,0.45441176470588235
507,1787.jpg,0.5657142857142857
508,1788.jpg,0.5656716417910448
509,1789.jpg,0.3717821782178218
510,179.jpg,0.574496644295302
511,1790.jpg,0.5343283582089552
512,1792.jpg,0.5325123152709359
513,1793.jpg,0.5221674876847291
514,1794.jpg,0.5315270935960591
515,1795.jpg,0.32731707317073166
516,1798.jpg,0.49648241206030147
517,1799.jpg,0.5316831683168317
518,180.jpg,0.5550335570469799
519,1800.jpg,0.6607843137254902
520,1801.jpg,0.43431372549019603
521,1803.jpg,0.5199029126213592
522,1806.jpg,0.5343283582089552
523,1809.jpg,0.5527363184079601
524,181.jpg,0.506578947368421
525,1810.jpg,0.36067961165048545
526,1811.jpg,0.4668292682926829
527,1812.jpg,0.5629268292682926
528,1813.jpg,0.5064676616915423
529,1814.jpg,0.5279187817258884
530,1815.jpg,0.4706976744186046
531,1818.jpg,0.5713636363636364
532,1819.jpg,0.5325688073394496
533,1826.jpg,0.36513761467889905
534,1827.jpg,0.34464285714285714
535,1830.jpg,0.36513761467889905
536,1832.jpg,0.42477477477477477
537,1835.jpg,0.4826291079812207
538,1836.jpg,0.6507042253521127
539,1837.jpg,0.34484304932735427
540,1838.jpg,0.4168141592920354
541,1839.jpg,0.41116279069767436
542,184.jpg,0.45342465753424654
543,1841.jpg,0.4755760368663594
544,1842.jpg,0.5027522935779817
545,1846.jpg,0.5341121495327104
546,1847.jpg,0.48666666666666664
547,1848.jpg,0.5174311926605505
548,1849.jpg,0.4116591928251121
549,185.jpg,0.6594594594594595
550,1850.jpg,0.5569506726457398
551,1855.jpg,0.7315068493150685
552,1856.jpg,0.5041284403669725
553,1858.jpg,0.5703196347031964
554,1860.jpg,0.6488479262672812
555,1861.jpg,0.6004566210045662
556,1862.jpg,0.6490909090909092
557,1863.jpg,0.5076576576576577
558,1864.jpg,0.4509345794392523
559,1865.jpg,0.5627272727272727
560,1867.jpg,0.4412037037037037
561,1869.jpg,0.45227272727272727
562,187.jpg,0.5653333333333334
563,1870.jpg,0.45
564,1871.jpg,0.42602739726027394
565,1874.jpg,0.528125
566,1876.jpg,0.47710280373831776
567,1877.jpg,0.5366515837104072
568,1879.jpg,0.523943661971831
569,1881.jpg,0.5179245283018867
570,1882.jpg,0.5345291479820629
571,1883.jpg,0.5210280373831775
572,1884.jpg,0.5534246575342465
573,1886.jpg,0.5405529953917051
574,1888.jpg,0.5465753424657535
575,189.jpg,0.6581699346405229
576,1890.jpg,0.49111111111111116
577,1891.jpg,0.6339449541284404
578,1892.jpg,0.5288990825688074
579,1893.jpg,0.6278026905829597
580,1894.jpg,0.6164383561643836
581,1895.jpg,0.3752252252252252
582,1896.jpg,0.3950226244343892
583,1898.jpg,0.5527272727272727
584,190.jpg,0.565068493150685
585,1900.jpg,0.5023584905660378
586,1901.jpg,0.6138888888888889
587,1902.jpg,0.5318181818181819
588,1903.jpg,0.6704035874439461
589,1904.jpg,0.5361990950226244
590,1905.jpg,0.5209302325581395
591,1906.jpg,0.3073394495412844
592,1907.jpg,0.4486238532110092
593,1908.jpg,0.3819444444444445
594,1909.jpg,0.5395454545454546
595,191.jpg,0.41575342465753423
596,1910.jpg,0.48790697674418604
597,1911.jpg,0.5094594594594595
598,1912.jpg,0.814027149321267
599,1914.jpg,0.5073394495412844
600,1915.jpg,0.4832558139534884
601,1916.jpg,0.4849056603773585
602,1917.jpg,0.5533333333333333
603,1918.jpg,0.4786046511627907
604,1919.jpg,0.41200000000000003
605,192.jpg,0.5061643835616438
606,1920.jpg,0.5811659192825112
607,1921.jpg,0.42592592592592593
608,1922.jpg,0.6211009174311927
609,1923.jpg,0.5623853211009174
610,1924.jpg,0.527027027027027
611,1925.jpg,0.4422535211267606
612,1926.jpg,0.5856502242152466
613,1927.jpg,0.5218181818181817
614,1928.jpg,0.5462962962962963
615,193.jpg,0.5897959183673469
616,1930.jpg,0.7302752293577981
617,1931.jpg,0.65
618,1932.jpg,0.42119815668202765
619,1933.jpg,0.5701357466063348
620,1934.jpg,0.6122171945701357
621,1935.jpg,0.6986363636363636
622,1938.jpg,0.40590909090909094
623,1939.jpg,0.5013761467889908
624,194.jpg,0.5006849315068493
625,1941.jpg,0.3853211009174312
626,1942.jpg,0.6454545454545454
627,1943.jpg,0.4791666666666667
628,1944.jpg,0.49861111111111106
629,1945.jpg,0.5653153153153153
630,1946.jpg,0.5613953488372093
631,1947.jpg,0.708294930875576
632,1948.jpg,0.6577272727272727
633,1949.jpg,0.5085201793721973
634,195.jpg,0.6112582781456954
635,1950.jpg,0.4141552511415525
636,1952.jpg,0.5834101382488479
637,1953.jpg,0.5339366515837104
638,1954.jpg,0.45990566037735847
639,1955.jpg,0.6357798165137615
640,1956.jpg,0.4783410138248848
641,1958.jpg,0.4584905660377358
642,1959.jpg,0.6643835616438356
643,196.jpg,0.5597315436241611
644,1960.jpg,0.6009090909090908
645,1961.jpg,0.5161904761904762
646,1965.jpg,0.6311627906976744
647,1967.jpg,0.5721973094170403
648,1971.jpg,0.40210084033613447
649,1976.jpg,0.5421276595744681
650,198.jpg,0.6278145695364239
651,1980.jpg,0.4830578512396694
652,1983.jpg,0.40897435897435896
653,1984.jpg,0.5552301255230125
654,1989.jpg,0.5523012552301255
655,199.jpg,0.5637583892617449
656,1990.jpg,0.6310204081632653
657,1995.jpg,0.6036734693877551
658,1996.jpg,0.49874999999999997
659,200.jpg,0.5041095890410958
660,2002.jpg,0.4504201680672269
661,2008.jpg,0.5554216867469879
662,2009.jpg,0.5869198312236287
663,201.jpg,0.34149659863945575
664,2010.jpg,0.5887966804979253
665,2013.jpg,0.6844897959183673
666,2017.jpg,0.5602510460251046
667,2018.jpg,0.45435684647302904
668,2019.jpg,0.5921810699588478
669,202.jpg,0.6690322580645162
670,2020.jpg,0.4991416309012876
671,2021.jpg,0.4640167364016737
672,2023.jpg,0.5877192982456141
673,2024.jpg,0.5228571428571429
674,2027.jpg,0.37330508474576274
675,203.jpg,0.521476510067114
676,2030.jpg,0.3814814814814815
677,2033.jpg,0.4759493670886076
678,2039.jpg,0.569758064516129
679,204.jpg,0.5358108108108108
680,2041.jpg,0.5721991701244813
681,2042.jpg,0.5139830508474577
682,2044.jpg,0.6535864978902953
683,2046.jpg,0.4526530612244898
684,205.jpg,0.39271523178807943
685,2053.jpg,0.44149377593361
686,2054.jpg,0.4529166666666667
687,2055.jpg,0.5409282700421941
688,2059.jpg,0.5704166666666667
689,2062.jpg,0.4443514644351464
690,2066.jpg,0.4900826446280992
691,207.jpg,0.5710691823899371
692,2071.jpg,0.5477551020408163
693,2075.jpg,0.48535564853556484
694,2077.jpg,0.6217021276595744
695,2078.jpg,0.4183760683760684
696,2079.jpg,0.4616326530612245
697,208.jpg,0.6962025316455696
698,2080.jpg,0.5949152542372882
699,2081.jpg,0.44586776859504135
700,2082.jpg,0.5466666666666666
701,2083.jpg,0.5352226720647774
702,2085.jpg,0.5569620253164558
703,2086.jpg,0.529718875502008
704,2087.jpg,0.4560669456066946
705,2091.jpg,0.5502024291497976
706,2092.jpg,0.5430962343096234
707,2093.jpg,0.593032786885246
708,2094.jpg,0.6448132780082988
709,2096.jpg,0.49547325102880657
710,2097.jpg,0.6510288065843621
711,2098.jpg,0.5402597402597402
712,2099.jpg,0.6147540983606558
713,210.jpg,0.4937888198757764
714,2100.jpg,0.42857142857142855
715,2101.jpg,0.5945606694560669
716,2102.jpg,0.5385593220338982
717,2103.jpg,0.6276859504132231
718,2104.jpg,0.5576131687242798
719,2105.jpg,0.4957805907172996
720,2106.jpg,0.4165957446808511
721,2107.jpg,0.5962500000000001
722,2108.jpg,0.4654320987654321
723,211.jpg,0.35220125786163525
724,2111.jpg,0.6045643153526971
725,2113.jpg,0.29879032258064514
726,2114.jpg,0.6182608695652174
727,2115.jpg,0.598326359832636
728,2116.jpg,0.5441176470588236
729,2119.jpg,0.46431535269709545
730,2122.jpg,0.4856540084388186
731,2123.jpg,0.49829787234042555
732,2125.jpg,0.45020576131687245
733,2126.jpg,0.4632911392405063
734,2127.jpg,0.5680161943319838
735,2128.jpg,0.5700000000000001
736,2129.jpg,0.6391129032258065
737,213.jpg,0.4006329113924051
738,2130.jpg,0.5617647058823529
739,2131.jpg,0.4779220779220779
740,2132.jpg,0.5323651452282158
741,2133.jpg,0.5151639344262295
742,2134.jpg,0.6098360655737705
743,2137.jpg,0.5004166666666666
744,2138.jpg,0.5226337448559671
745,2139.jpg,0.552991452991453
746,214.jpg,0.49937106918238994
747,2141.jpg,0.5759493670886076
748,2142.jpg,0.3802469135802469
749,2144.jpg,0.5342975206611571
750,2145.jpg,0.5327731092436975
751,2147.jpg,0.5672340425531914
752,2148.jpg,0.4408510638297872
753,2150.jpg,0.5157894736842106
754,2151.jpg,0.6604166666666667
755,2153.jpg,0.520253164556962
756,2155.jpg,0.7161290322580645
757,2157.jpg,0.5071428571428571
758,2159.jpg,0.6673640167364017
759,2160.jpg,0.49087136929460584
760,2161.jpg,0.519753086419753
761,2162.jpg,0.5042918454935623
762,2163.jpg,0.6570833333333334
763,2164.jpg,0.36340425531914894
764,2165.jpg,0.5857142857142856
765,2166.jpg,0.626890756302521
766,2167.jpg,0.5560344827586208
767,2168.jpg,0.5841463414634147
768,2169.jpg,0.5086776859504132
769,217.jpg,0.43734177215189873
770,2170.jpg,0.6128
771,2171.jpg,0.48547717842323646
772,2172.jpg,0.6512195121951219
773,2173.jpg,0.5301652892561983
774,2174.jpg,0.5882113821138211
775,2175.jpg,0.540506329113924
776,2176.jpg,0.5689655172413792
777,2177.jpg,0.6426724137931035
778,218.jpg,0.6220125786163522
779,2180.jpg,0.5185654008438819
780,2181.jpg,0.3936974789915966
781,2182.jpg,0.7130081300813008
782,2183.jpg,0.44333333333333336
783,2184.jpg,0.5263829787234042
784,2185.jpg,0.6248945147679325
785,2186.jpg,0.6582278481012659
786,2187.jpg,0.45905172413793105
787,2188.jpg,0.6481012658227848
788,219.jpg,0.5224358974358975
789,2190.jpg,0.6672199170124482
790,2191.jpg,0.5884615384615385
791,2192.jpg,0.46965811965811965
792,2193.jpg,0.48166666666666663
793,2194.jpg,0.5063559322033898
794,2195.jpg,0.4995670995670996
795,2196.jpg,0.5378151260504203
796,2197.jpg,0.5239495798319328
797,2198.jpg,0.4727659574468085
798,2199.jpg,0.6062240663900414
799,2200.jpg,0.6266094420600858
800,2201.jpg,0.48647540983606563
801,2202.jpg,0.5905982905982906
802,2203.jpg,0.5164609053497943
803,2204.jpg,0.37317073170731707
804,2205.jpg,0.5171052631578947
805,2206.jpg,0.7920168067226891
806,2207.jpg,0.5634453781512605
807,2209.jpg,0.5856521739130435
808,2210.jpg,0.6297959183673469
809,2211.jpg,0.4807017543859649
810,2212.jpg,0.5316455696202531
811,2213.jpg,0.6610655737704918
812,2214.jpg,0.5380341880341881
813,2215.jpg,0.5430379746835443
814,2216.jpg,0.6302521008403361
815,2217.jpg,0.3742616033755274
816,2218.jpg,0.596551724137931
817,2220.jpg,0.46540084388185654
818,2223.jpg,0.5386266094420601
819,2224.jpg,0.6357758620689655
820,2225.jpg,0.6199134199134199
821,2226.jpg,0.5570212765957446
822,2229.jpg,0.48061674008810573
823,223.jpg,0.4738562091503268
824,2231.jpg,0.40386266094420603
825,2233.jpg,0.41163793103448276
826,2234.jpg,0.45299539170506914
827,2235.jpg,0.4330396475770925
828,2236.jpg,0.49504504504504504
829,2241.jpg,0.3597285067873303
830,2244.jpg,0.5310043668122271
831,2245.jpg,0.5329004329004329
832,2246.jpg,0.6216450216450217
833,225.jpg,0.7132075471698113
834,2253.jpg,0.5486486486486487
835,2255.jpg,0.48933333333333334
836,226.jpg,0.5237499999999999
837,2260.jpg,0.5302631578947368
838,2263.jpg,0.627155172413793
839,2264.jpg,0.46977777777777774
840,2265.jpg,0.5933920704845815
841,2266.jpg,0.5840182648401827
842,2267.jpg,0.4621145374449339
843,2268.jpg,0.4632034632034632
844,2269.jpg,0.5122727272727273
845,227.jpg,0.2910828025477707
846,2270.jpg,0.5552301255230125
847,2273.jpg,0.5790909090909091
848,2275.jpg,0.4134199134199134
849,2276.jpg,0.7233050847457627
850,2277.jpg,0.4524444444444445
851,2278.jpg,0.6791304347826087
852,2279.jpg,0.5831896551724138
853,2280.jpg,0.7294372294372294
854,2282.jpg,0.521304347826087
855,2285.jpg,0.45384615384615384
856,2286.jpg,0.4713004484304933
857,2287.jpg,0.4470338983050848
858,2288.jpg,0.5102678571428572
859,2289.jpg,0.41645021645021646
860,2290.jpg,0.4820960698689956
861,2292.jpg,0.5424892703862662
862,2293.jpg,0.5718614718614718
863,2294.jpg,0.5515418502202644
864,2295.jpg,0.628125
865,2297.jpg,0.44887892376681615
866,2298.jpg,0.5557017543859649
867,2299.jpg,0.5540772532188841
868,230.jpg,0.692814371257485
869,2301.jpg,0.42345132743362834
870,2302.jpg,0.5271493212669683
871,2303.jpg,0.4137931034482759
872,2304.jpg,0.3495575221238938
873,2309.jpg,0.5623376623376624
874,2310.jpg,0.6517391304347826
875,2311.jpg,0.6229074889867842
876,2313.jpg,0.6070796460176991
877,2314.jpg,0.5333333333333333
878,2315.jpg,0.586697247706422
879,2316.jpg,0.4761061946902655
880,2322.jpg,0.4323144104803493
881,2323.jpg,0.4698630136986301
882,2324.jpg,0.5106194690265486
883,2325.jpg,0.34892703862660945
884,2326.jpg,0.5301310043668123
885,2328.jpg,0.4924686192468619
886,2329.jpg,0.7111587982832618
887,233.jpg,0.5732919254658385
888,2330.jpg,0.5352422907488987
889,2331.jpg,0.5897872340425532
890,2332.jpg,0.6327433628318584
891,2333.jpg,0.5936708860759493
892,2334.jpg,0.4048034934497816
893,2336.jpg,0.5435555555555556
894,2337.jpg,0.39285714285714285
895,2339.jpg,0.49608695652173906
896,234.jpg,0.5262195121951219
897,2340.jpg,0.5775862068965517
898,2341.jpg,0.5202643171806167
899,2342.jpg,0.5287610619469026
900,2343.jpg,0.4307017543859649
901,2344.jpg,0.5706666666666667
902,2345.jpg,0.5162995594713656
903,2346.jpg,0.3831818181818182
904,2347.jpg,0.677533039647577
905,2348.jpg,0.5130044843049327
906,2349.jpg,0.34823008849557524
907,235.jpg,0.6832369942196531
908,2350.jpg,0.3774193548387097
909,2354.jpg,0.5147826086956522
910,2355.jpg,0.4619469026548672
911,2357.jpg,0.5235555555555556
912,2358.jpg,0.5817777777777777
913,2360.jpg,0.5026548672566371
914,2361.jpg,0.45822222222222225
915,2362.jpg,0.47522522522522526
916,2365.jpg,0.5142222222222222
917,2367.jpg,0.47375565610859727
918,2368.jpg,0.6155172413793103
919,2369.jpg,0.4995575221238938
920,2370.jpg,0.5418918918918919
921,2371.jpg,0.5446902654867257
922,2372.jpg,0.6897321428571429
923,2373.jpg,0.4612334801762114
924,2374.jpg,0.68068669527897
925,2375.jpg,0.6535714285714286
926,2376.jpg,0.5943965517241379
927,2378.jpg,0.4849557522123894
928,2379.jpg,0.6819004524886878
929,238.jpg,0.54
930,2380.jpg,0.5915555555555556
931,2381.jpg,0.49347826086956526
932,2382.jpg,0.6689956331877729
933,2383.jpg,0.4009009009009009
934,2384.jpg,0.492511013215859
935,2386.jpg,0.44545454545454544
936,2388.jpg,0.3747663551401869
937,239.jpg,0.4208333333333333
938,2393.jpg,0.5216216216216216
939,2395.jpg,0.5829596412556054
940,2396.jpg,0.5108108108108108
941,2397.jpg,0.38378378378378375
942,2398.jpg,0.5364444444444445
943,240.jpg,0.40359281437125744
944,2402.jpg,0.3378995433789954
945,2405.jpg,0.28454545454545455
946,2406.jpg,0.5969162995594715
947,2407.jpg,0.355045871559633
948,2408.jpg,0.4523584905660377
949,2409.jpg,0.4529680365296803
950,2411.jpg,0.528125
951,2419.jpg,0.5495454545454546
952,242.jpg,0.4781065088757397
953,2421.jpg,0.43037383177570093
954,2422.jpg,0.5376146788990825
955,2424.jpg,0.6271111111111111
956,2425.jpg,0.5669527896995709
957,2428.jpg,0.5352678571428571
958,2429.jpg,0.5301310043668123
959,243.jpg,0.5686390532544379
960,2430.jpg,0.5226244343891403
961,2433.jpg,0.518918918918919
962,2435.jpg,0.584931506849315
963,2437.jpg,0.5845814977973569
964,2438.jpg,0.4067264573991031
965,2439.jpg,0.54
966,2442.jpg,0.46055045871559636
967,2444.jpg,0.5964285714285714
968,2445.jpg,0.5968468468468469
969,2448.jpg,0.6180995475113122
970,2449.jpg,0.21703056768558954
971,245.jpg,0.522289156626506
972,2450.jpg,0.41415929203539825
973,2451.jpg,0.686036036036036
974,2452.jpg,0.6013824884792627
975,2453.jpg,0.49411764705882355
976,2457.jpg,0.379372197309417
977,2458.jpg,0.44843049327354256
978,2459.jpg,0.575
979,246.jpg,0.41463414634146345
980,2460.jpg,0.5731818181818181
981,2461.jpg,0.4827272727272727
982,2462.jpg,0.48227272727272724
983,2463.jpg,0.46798245614035083
984,2464.jpg,0.6288209606986899
985,2468.jpg,0.46074766355140184
986,2469.jpg,0.56289592760181
987,2470.jpg,0.3767857142857143
988,2473.jpg,0.41991150442477876
989,2477.jpg,0.6535398230088496
990,2478.jpg,0.39636363636363636
991,2481.jpg,0.5692307692307692
992,2482.jpg,0.5644444444444445
993,2485.jpg,0.544343891402715
994,2486.jpg,0.5453744493392071
995,2489.jpg,0.37752293577981655
996,2491.jpg,0.318018018018018
997,2495.jpg,0.5076233183856502
998,2496.jpg,0.6742358078602619
999,2499.jpg,0.4125560538116592
1000,2500.jpg,0.5295964125560538
1001,2502.jpg,0.45695067264573985
1002,2503.jpg,0.6196428571428572
1003,2505.jpg,0.4782222222222222
1004,2506.jpg,0.5271493212669683
1005,2508.jpg,0.42968036529680365
1006,251.jpg,0.6748466257668712
1007,2511.jpg,0.42566371681415927
1008,2512.jpg,0.4122171945701357
1009,2513.jpg,0.4477477477477477
1010,2514.jpg,0.5730434782608695
1011,2515.jpg,0.47719298245614034
1012,2516.jpg,0.4159090909090909
1013,2519.jpg,0.6081081081081081
1014,252.jpg,0.4335403726708075
1015,2523.jpg,0.47570093457943924
1016,2524.jpg,0.5063063063063062
1017,2525.jpg,0.4149321266968326
1018,2526.jpg,0.3410958904109589
1019,2527.jpg,0.5126126126126126
1020,2528.jpg,0.35662100456621004
1021,2529.jpg,0.4890410958904109
1022,253.jpg,0.6524390243902439
1023,2530.jpg,0.29107142857142854
1024,2531.jpg,0.5723981900452488
1025,2532.jpg,0.6518018018018018
1026,2533.jpg,0.6132420091324201
1027,2534.jpg,0.6602739726027397
1028,2535.jpg,0.48863636363636365
1029,2537.jpg,0.5027149321266968
1030,2538.jpg,0.6719457013574661
1031,2539.jpg,0.5192139737991266
1032,254.jpg,0.4968553459119497
1033,2540.jpg,0.4645161290322581
1034,2541.jpg,0.3736607142857143
1035,2543.jpg,0.4013824884792626
1036,2545.jpg,0.47937219730941705
1037,2546.jpg,0.4533333333333333
1038,2547.jpg,0.4714285714285714
1039,2548.jpg,0.5018518518518518
1040,2549.jpg,0.5232142857142856
1041,2551.jpg,0.5868181818181818
1042,2554.jpg,0.4589041095890411
1043,2555.jpg,0.5924444444444444
1044,2557.jpg,0.43928571428571433
1045,2558.jpg,0.7061946902654868
1046,2559.jpg,0.3279279279279279
1047,256.jpg,0.5702531645569621
1048,2560.jpg,0.5102222222222222
1049,2561.jpg,0.5009090909090909
1050,2563.jpg,0.44170616113744077
1051,2565.jpg,0.5402714932126698
1052,2567.jpg,0.5990950226244344
1053,2568.jpg,0.4638888888888889
1054,2569.jpg,0.542081447963801
1055,2570.jpg,0.5313636363636364
1056,2571.jpg,0.5799107142857143
1057,2572.jpg,0.45046296296296295
1058,2573.jpg,0.5310185185185186
1059,2574.jpg,0.5049773755656108
1060,2576.jpg,0.6081081081081081
1061,2577.jpg,0.6032110091743119
1062,2578.jpg,0.6686098654708521
1063,2579.jpg,0.36872037914691946
1064,2580.jpg,0.6428571428571429
1065,2581.jpg,0.4171296296296297
1066,2582.jpg,0.5050691244239631
1067,2583.jpg,0.3
1068,2584.jpg,0.5042056074766356
1069,2585.jpg,0.418348623853211
1070,2586.jpg,0.43423423423423424
1071,2587.jpg,0.6321266968325792
1072,2589.jpg,0.24545454545454545
1073,259.jpg,0.38544303797468354
1074,2590.jpg,0.4606334841628959
1075,2591.jpg,0.4409302325581395
1076,2593.jpg,0.39305555555555555
1077,2594.jpg,0.5545454545454546
1078,2595.jpg,0.6052380952380952
1079,2596.jpg,0.4213953488372093
1080,2598.jpg,0.2986111111111111
1081,2599.jpg,0.45499999999999996
1082,260.jpg,0.5145569620253164
1083,2600.jpg,0.4803738317757009
1084,2601.jpg,0.48433179723502306
1085,2602.jpg,0.5087155963302752
1086,2605.jpg,0.46009174311926604
1087,2607.jpg,0.4412556053811659
1088,2608.jpg,0.5402654867256638
1089,2609.jpg,0.5551111111111111
1090,2610.jpg,0.4061611374407583
1091,2619.jpg,0.5199115044247787
1092,262.jpg,0.5365384615384615
1093,2621.jpg,0.5327272727272727
1094,2625.jpg,0.6035555555555556
1095,2626.jpg,0.43162790697674425
1096,2627.jpg,0.4867924528301887
1097,263.jpg,0.3432258064516129
1098,2630.jpg,0.5059907834101383
1099,2631.jpg,0.5252252252252252
1100,2632.jpg,0.5197183098591549
1101,2633.jpg,0.44377880184331797
1102,2634.jpg,0.5506849315068493
1103,2635.jpg,0.5071748878923767
1104,2636.jpg,0.51
1105,2639.jpg,0.4758928571428571
1106,2642.jpg,0.4037735849056604
1107,2643.jpg,0.5608490566037736
1108,2647.jpg,0.4474178403755869
1109,2649.jpg,0.6990990990990991
1110,265.jpg,0.4941558441558442
1111,2650.jpg,0.6303030303030303
1112,2651.jpg,0.455607476635514
1113,2654.jpg,0.5158590308370045
1114,2656.jpg,0.5376106194690266
1115,2657.jpg,0.4158371040723982
1116,2658.jpg,0.33440366972477065
1117,2659.jpg,0.531981981981982
1118,2660.jpg,0.4486238532110092
1119,2662.jpg,0.5842342342342343
1120,2663.jpg,0.5409302325581395
1121,2664.jpg,0.504054054054054
1122,2665.jpg,0.631578947368421
1123,2667.jpg,0.5355855855855856
1124,2668.jpg,0.5747706422018348
1125,267.jpg,0.6174193548387097
1126,2670.jpg,0.49774774774774777
1127,2671.jpg,0.5454128440366972
1128,2674.jpg,0.5474885844748859
1129,2676.jpg,0.49863636363636366
1130,2679.jpg,0.5094594594594595
1131,268.jpg,0.30774193548387097
1132,2680.jpg,0.6018018018018018
1133,2681.jpg,0.5958904109589042
1134,2682.jpg,0.6072072072072072
1135,2683.jpg,0.5368663594470047
1136,2684.jpg,0.5454545454545454
1137,2685.jpg,0.5032258064516129
1138,2686.jpg,0.5202702702702703
1139,2689.jpg,0.4816964285714286
1140,269.jpg,0.30714285714285716
1141,2691.jpg,0.4101769911504425
1142,2693.jpg,0.621875
1143,2694.jpg,0.5375565610859729
1144,2695.jpg,0.5194570135746607
1145,2696.jpg,0.5021367521367521
1146,2697.jpg,0.5435185185185185
1147,2698.jpg,0.45760368663594464
1148,270.jpg,0.5070967741935484
1149,2700.jpg,0.5575342465753425
1150,2701.jpg,0.6881578947368421
1151,2703.jpg,0.459009009009009
1152,2705.jpg,0.726027397260274
1153,2706.jpg,0.53
1154,2707.jpg,0.48190045248868774
1155,2709.jpg,0.6941441441441442
1156,271.jpg,0.5774193548387097
1157,2710.jpg,0.54070796460177
1158,2711.jpg,0.5
1159,2713.jpg,0.5464601769911505
1160,2714.jpg,0.5772321428571429
1161,2716.jpg,0.48944954128440366
1162,2717.jpg,0.6272321428571429
1163,2718.jpg,0.5960352422907489
1164,2719.jpg,0.5816143497757847
1165,272.jpg,0.5601307189542484
1166,2720.jpg,0.49768518518518523
1167,2721.jpg,0.4559633027522936
1168,2722.jpg,0.5896396396396397
1169,2723.jpg,0.5381818181818182
1170,2724.jpg,0.543778801843318
1171,2725.jpg,0.52152466367713
1172,2726.jpg,0.5508849557522124
1173,2727.jpg,0.46036866359447004
1174,2728.jpg,0.5513636363636364
1175,2729.jpg,0.5909090909090909
1176,2730.jpg,0.5367441860465116
1177,2732.jpg,0.7454545454545454
1178,2733.jpg,0.6388392857142857
1179,2734.jpg,0.44843049327354256
1180,2736.jpg,0.5239819004524887
1181,2737.jpg,0.6298701298701299
1182,2738.jpg,0.5380281690140845
1183,2739.jpg,0.4765258215962441
1184,274.jpg,0.39539473684210524
1185,2741.jpg,0.45185185185185184
1186,2742.jpg,0.4
1187,2744.jpg,0.5601809954751131
1188,2745.jpg,0.4831818181818182
1189,2746.jpg,0.5315555555555556
1190,2747.jpg,0.5662162162162162
1191,2748.jpg,0.5253456221198156
1192,2749.jpg,0.5795348837209302
1193,275.jpg,0.43612903225806454
1194,2750.jpg,0.49298245614035086
1195,2751.jpg,0.6203703703703703
1196,2752.jpg,0.4293333333333333
1197,2753.jpg,0.49185520361990953
1198,2756.jpg,0.5802752293577982
1199,2757.jpg,0.43761467889908257
1200,2758.jpg,0.4040909090909091
1201,2759.jpg,0.5634703196347032
1202,2760.jpg,0.42361111111111105
1203,2761.jpg,0.4638888888888889
1204,2762.jpg,0.6855855855855856
1205,2765.jpg,0.5040909090909091
1206,2766.jpg,0.6477064220183486
1207,2767.jpg,0.38468468468468464
1208,2768.jpg,0.44772727272727275
1209,277.jpg,0.5787096774193549
1210,2776.jpg,0.5767634854771784
1211,2777.jpg,0.5201716738197425
1212,2778.jpg,0.4847389558232932
1213,2779.jpg,0.499163179916318
1214,2782.jpg,0.48268398268398266
1215,2783.jpg,0.5452282157676349
1216,2784.jpg,0.506198347107438
1217,2785.jpg,0.37698744769874476
1218,279.jpg,0.67375
1219,2790.jpg,0.5771784232365145
1220,2791.jpg,0.42543103448275865
1221,2794.jpg,0.46416666666666667
1222,2795.jpg,0.3930735930735931
1223,2798.jpg,0.4787234042553192
1224,280.jpg,0.5225165562913907
1225,2802.jpg,0.583050847457627
1226,2803.jpg,0.6892116182572614
1227,2805.jpg,0.40512820512820513
1228,2807.jpg,0.6008547008547008
1229,2808.jpg,0.4860262008733624
1230,2809.jpg,0.5175213675213676
1231,281.jpg,0.492
1232,2810.jpg,0.5224576271186441
1233,2811.jpg,0.6016877637130802
1234,2812.jpg,0.6547325102880659
1235,2814.jpg,0.6080645161290323
1236,2815.jpg,0.4686695278969957
1237,2816.jpg,0.4793103448275862
1238,2817.jpg,0.4142857142857143
1239,2818.jpg,0.4767932489451477
1240,2819.jpg,0.6042553191489362
1241,282.jpg,0.5153333333333333
1242,2820.jpg,0.7358649789029535
1243,2822.jpg,0.5042016806722689
1244,2823.jpg,0.5251101321585903
1245,2828.jpg,0.6188284518828452
1246,283.jpg,0.7039215686274509
1247,2830.jpg,0.5237499999999999
1248,2832.jpg,0.5844155844155845
1249,2833.jpg,0.38170212765957445
1250,2834.jpg,0.4543103448275862
1251,2835.jpg,0.46307053941908716
1252,2836.jpg,0.5175438596491228
1253,2837.jpg,0.5016597510373444
1254,2839.jpg,0.3329218106995885
1255,284.jpg,0.5333333333333333
1256,2840.jpg,0.5429787234042553
1257,2843.jpg,0.5645833333333333
1258,2847.jpg,0.5360869565217391
1259,2848.jpg,0.547457627118644
1260,2849.jpg,0.47811158798283265
1261,285.jpg,0.4133333333333334
1262,2850.jpg,0.48776371308016875
1263,2851.jpg,0.32610619469026547
1264,2852.jpg,0.5554112554112554
1265,2853.jpg,0.5839130434782609
1266,2854.jpg,0.42933884297520664
1267,2855.jpg,0.5538793103448276
1268,2856.jpg,0.7337448559670782
1269,2857.jpg,0.4323770491803279
1270,2858.jpg,0.47874999999999995
1271,2859.jpg,0.591701244813278
1272,286.jpg,0.5913333333333333
1273,2863.jpg,0.4336170212765958
1274,2864.jpg,0.5416666666666667
1275,2866.jpg,0.41779661016949154
1276,2867.jpg,0.425
1277,2869.jpg,0.5255319148936171
1278,287.jpg,0.5442953020134228
1279,2870.jpg,0.7097457627118644
1280,2871.jpg,0.3592105263157895
1281,2872.jpg,0.42362869198312236
1282,2874.jpg,0.5263392857142857
1283,2875.jpg,0.5440677966101695
1284,2876.jpg,0.5926724137931034
1285,2878.jpg,0.47112970711297075
1286,2879.jpg,0.6459227467811159
1287,288.jpg,0.49798657718120803
1288,2880.jpg,0.4446351931330472
1289,2882.jpg,0.4581896551724138
1290,2883.jpg,0.5097457627118644
1291,2884.jpg,0.38879310344827583
1292,2885.jpg,0.4378151260504202
1293,2886.jpg,0.5652719665271967
1294,2888.jpg,0.5452282157676349
1295,2889.jpg,0.47820512820512817
1296,289.jpg,0.5442176870748299
1297,2890.jpg,0.5227272727272727
1298,2892.jpg,0.8304
1299,2893.jpg,0.4929166666666666
1300,2895.jpg,0.5566115702479338
1301,2896.jpg,0.5394849785407725
1302,290.jpg,0.5806896551724138
1303,2901.jpg,0.6346774193548387
1304,2902.jpg,0.5951541850220264
1305,2904.jpg,0.5517241379310345
1306,2905.jpg,0.6
1307,2906.jpg,0.5871369294605808
1308,2907.jpg,0.6163934426229508
1309,2908.jpg,0.44052863436123346
1310,2909.jpg,0.42521008403361343
1311,291.jpg,0.529054054054054
1312,2912.jpg,0.41991525423728815
1313,2913.jpg,0.5241803278688525
1314,2914.jpg,0.6141630901287554
1315,2915.jpg,0.5449781659388646
1316,2916.jpg,0.5666666666666667
1317,2917.jpg,0.5746781115879829
1318,2918.jpg,0.6662551440329219
1319,2919.jpg,0.5561475409836065
1320,2920.jpg,0.6033057851239669
1321,2921.jpg,0.5632231404958677
1322,2922.jpg,0.47333333333333333
1323,2923.jpg,0.42719298245614035
1324,2924.jpg,0.596551724137931
1325,2925.jpg,0.5392405063291139
1326,2926.jpg,0.5050847457627119
1327,2928.jpg,0.481140350877193
1328,2931.jpg,0.4926086956521739
1329,2932.jpg,0.5227848101265823
1330,2936.jpg,0.42073170731707316
1331,2938.jpg,0.39704641350210973
1332,2939.jpg,0.4021645021645021
1333,294.jpg,0.4310344827586207
1334,2940.jpg,0.6159183673469387
1335,2941.jpg,0.49831932773109244
1336,2944.jpg,0.5340336134453781
1337,2945.jpg,0.4708860759493671
1338,2946.jpg,0.39184549356223175
1339,2947.jpg,0.506896551724138
1340,2948.jpg,0.5585470085470086
1341,2949.jpg,0.5454545454545454
1342,295.jpg,0.3856164383561644
1343,2950.jpg,0.5047826086956522
1344,2951.jpg,0.4211206896551724
1345,2953.jpg,0.4125
1346,2956.jpg,0.5572033898305084
1347,2958.jpg,0.6119148936170212
1348,2959.jpg,0.3939914163090129
1349,296.jpg,0.44652777777777775
1350,2961.jpg,0.4855263157894737
1351,2963.jpg,0.5127753303964757
1352,2965.jpg,0.5592274678111588
1353,2966.jpg,0.6457983193277311
1354,2967.jpg,0.548695652173913
1355,2969.jpg,0.4178260869565217
1356,297.jpg,0.5181818181818182
1357,2971.jpg,0.493859649122807
1358,2972.jpg,0.683404255319149
1359,2973.jpg,0.5636363636363637
1360,2974.jpg,0.47801724137931034
1361,2975.jpg,0.4746781115879829
1362,2976.jpg,0.44102564102564107
1363,2977.jpg,0.39466666666666667
1364,2978.jpg,0.4504347826086956
1365,2979.jpg,0.48370044052863437
1366,298.jpg,0.48275862068965514
1367,2980.jpg,0.5436440677966102
1368,2981.jpg,0.4429166666666666
1369,2982.jpg,0.5190476190476191
1370,2983.jpg,0.52
1371,2984.jpg,0.528448275862069
1372,2985.jpg,0.47801724137931034
1373,2986.jpg,0.5694560669456067
1374,2987.jpg,0.40614035087719297
1375,2988.jpg,0.4391111111111111
1376,2989.jpg,0.3294964028776978
1377,299.jpg,0.586013986013986
1378,2990.jpg,0.4829710144927536
1379,2991.jpg,0.45139860139860144
1380,2996.jpg,0.5172043010752688
1381,2998.jpg,0.3838709677419355
1382,300.jpg,0.4779310344827586
1383,3000.jpg,0.4025179856115108
1384,3003.jpg,0.5228571428571429
1385,3006.jpg,0.5469964664310953
1386,3008.jpg,0.5053763440860215
1387,301.jpg,0.43888888888888894
1388,3016.jpg,0.4186619718309859
1389,3018.jpg,0.5297202797202798
1390,302.jpg,0.5377622377622377
1391,3020.jpg,0.43481228668941985
1392,3021.jpg,0.3862676056338028
1393,3022.jpg,0.5
1394,3023.jpg,0.3597864768683274
1395,3026.jpg,0.4803508771929825
1396,3027.jpg,0.34536082474226804
1397,3028.jpg,0.5003472222222223
1398,3029.jpg,0.4985611510791367
1399,303.jpg,0.3706293706293706
1400,3031.jpg,0.48510638297872344
1401,3032.jpg,0.3702127659574468
1402,3033.jpg,0.4142348754448399
1403,3034.jpg,0.43263157894736837
1404,3035.jpg,0.38842105263157894
1405,3036.jpg,0.5515679442508711
1406,3037.jpg,0.38853046594982077
1407,304.jpg,0.6743243243243243
1408,3040.jpg,0.4170212765957447
1409,3041.jpg,0.41219512195121955
1410,3042.jpg,0.5492857142857143
1411,3043.jpg,0.4859649122807017
1412,3044.jpg,0.39184397163120566
1413,3045.jpg,0.521985815602837
1414,3048.jpg,0.4309859154929577
1415,3049.jpg,0.5649305555555555
1416,305.jpg,0.4773972602739726
1417,3051.jpg,0.5431578947368421
1418,3053.jpg,0.5408450704225352
1419,3055.jpg,0.5517985611510792
1420,3057.jpg,0.49409722222222224
1421,3058.jpg,0.49861111111111106
1422,306.jpg,0.4129251700680272
1423,3061.jpg,0.5457446808510638
1424,3062.jpg,0.4950177935943061
1425,3063.jpg,0.4808219178082192
1426,3064.jpg,0.5923344947735192
1427,3065.jpg,0.42202166064981944
1428,3067.jpg,0.5327586206896552
1429,3069.jpg,0.5591549295774648
1430,307.jpg,0.5664383561643835
1431,3070.jpg,0.5738675958188153
1432,3071.jpg,0.4954225352112676
1433,3072.jpg,0.4336842105263158
1434,3074.jpg,0.6365853658536585
1435,3075.jpg,0.5408450704225352
1436,3076.jpg,0.5766550522648084
1437,3077.jpg,0.5633451957295373
1438,3078.jpg,0.46783216783216786
1439,3079.jpg,0.4683848797250859
1440,308.jpg,0.3664429530201342
1441,3081.jpg,0.43985507246376815
1442,3082.jpg,0.4174377224199288
1443,3083.jpg,0.36142857142857143
1444,3084.jpg,0.40212765957446805
1445,3086.jpg,0.45178571428571435
1446,3087.jpg,0.4177304964539007
1447,3088.jpg,0.5024647887323944
1448,3089.jpg,0.40179856115107915
1449,309.jpg,0.5449152542372881
1450,3091.jpg,0.5398601398601398
1451,3092.jpg,0.40501792114695345
1452,3094.jpg,0.37649122807017543
1453,3095.jpg,0.452112676056338
1454,3096.jpg,0.38434163701067614
1455,3098.jpg,0.49428571428571433
1456,310.jpg,0.46355932203389827
1457,3100.jpg,0.5716312056737588
1458,3101.jpg,0.5387096774193548
1459,3102.jpg,0.6369337979094076
1460,3103.jpg,0.5326241134751772
1461,3104.jpg,0.41035714285714286
1462,3105.jpg,0.5521276595744681
1463,3106.jpg,0.5215827338129497
1464,3107.jpg,0.4204152249134948
1465,3109.jpg,0.5413427561837456
1466,311.jpg,0.671311475409836
1467,3111.jpg,0.576551724137931
1468,3112.jpg,0.5254416961130742
1469,3113.jpg,0.5869565217391305
1470,3114.jpg,0.7449122807017543
1471,3115.jpg,0.40857142857142853
1472,3116.jpg,0.4205673758865248
1473,3118.jpg,0.38776978417266184
1474,3119.jpg,0.35194346289752654
1475,3120.jpg,0.5409893992932863
1476,3121.jpg,0.4690140845070423
1477,3122.jpg,0.49786476868327406
1478,3123.jpg,0.5586805555555555
1479,3124.jpg,0.49113475177304966
1480,3125.jpg,0.4073943661971831
1481,3126.jpg,0.5437722419928825
1482,3127.jpg,0.51993006993007
1483,3128.jpg,0.39045936395759717
1484,3129.jpg,0.41600000000000004
1485,313.jpg,0.465
1486,3130.jpg,0.39014084507042257
1487,3131.jpg,0.5079584775086505
1488,3132.jpg,0.4554770318021202
1489,3133.jpg,0.6139285714285714
1490,3134.jpg,0.5369175627240144
1491,3136.jpg,0.5776978417266186
1492,3138.jpg,0.4236559139784946
1493,3139.jpg,0.4903571428571428
1494,314.jpg,0.3453781512605042
1495,3141.jpg,0.5252707581227437
1496,3142.jpg,0.47909407665505227
1497,3144.jpg,0.4064516129032258
1498,3146.jpg,0.494661921708185
1499,3147.jpg,0.498943661971831
1500,3148.jpg,0.3683453237410072
1501,315.jpg,0.6578512396694215
1502,3151.jpg,0.54576802507837
1503,3154.jpg,0.618266253869969
1504,3155.jpg,0.6207667731629394
1505,3158.jpg,0.6984423676012461
1506,3166.jpg,0.5467692307692308
1507,3167.jpg,0.6318042813455658
1508,317.jpg,0.3915966386554622
1509,3171.jpg,0.46261682242990654
1510,3173.jpg,0.37453416149068325
1511,3176.jpg,0.6298461538461538
1512,3182.jpg,0.5034700315457413
1513,3183.jpg,0.5541538461538462
1514,3184.jpg,0.6842105263157895
1515,3187.jpg,0.496594427244582
1516,3188.jpg,0.45809523809523806
1517,319.jpg,0.43644067796610175
1518,3192.jpg,0.6028213166144201
1519,3194.jpg,0.5738019169329074
1520,3196.jpg,0.5611987381703469
1521,3197.jpg,0.5232919254658385
1522,3198.jpg,0.4263322884012539
1523,3199.jpg,0.4962025316455696
1524,321.jpg,0.45206611570247934
1525,3210.jpg,0.5170212765957447
1526,3213.jpg,0.3825153374233129
1527,3214.jpg,0.403416149068323
1528,3215.jpg,0.5487341772151899
1529,3219.jpg,0.6185758513931889
1530,322.jpg,0.6791666666666667
1531,3220.jpg,0.5113496932515338
1532,3221.jpg,0.5925
1533,3223.jpg,0.3980952380952381
1534,3226.jpg,0.5815873015873015
1535,3228.jpg,0.5437106918238993
1536,3229.jpg,0.4403076923076923
1537,3230.jpg,0.4484567901234568
1538,3232.jpg,0.5361904761904761
1539,3233.jpg,0.5599999999999999
1540,3234.jpg,0.520063694267516
1541,3235.jpg,0.6215625
1542,3237.jpg,0.6448170731707317
1543,3239.jpg,0.548170731707317
1544,324.jpg,0.6285714285714286
1545,3241.jpg,0.5165079365079366
1546,325.jpg,0.6286885245901639
1547,3253.jpg,0.6220183486238532
1548,3254.jpg,0.6953416149068323
1549,3255.jpg,0.5842105263157895
1550,3256.jpg,0.596103896103896
1551,3257.jpg,0.5701219512195121
1552,3258.jpg,0.484375
1553,326.jpg,0.530327868852459
1554,3260.jpg,0.49969230769230766
1555,3261.jpg,0.5980830670926518
1556,3262.jpg,0.48723404255319147
1557,3263.jpg,0.556875
1558,3265.jpg,0.4569182389937107
1559,3266.jpg,0.525625
1560,3267.jpg,0.60375
1561,3268.jpg,0.5322981366459627
1562,327.jpg,0.5540983606557377
1563,3272.jpg,0.7047318611987381
1564,3273.jpg,0.6441717791411044
1565,3275.jpg,0.7038805970149253
1566,3276.jpg,0.5098765432098766
1567,3277.jpg,0.38125
1568,3280.jpg,0.5141955835962145
1569,3282.jpg,0.5526813880126183
1570,3284.jpg,0.532
1571,3285.jpg,0.6854938271604938
1572,3286.jpg,0.6261682242990654
1573,3287.jpg,0.468125
1574,3288.jpg,0.6459807073954984
1575,3289.jpg,0.45820433436532504
1576,329.jpg,0.5330578512396694
1577,3290.jpg,0.5962500000000001
1578,3291.jpg,0.5188271604938272
1579,3292.jpg,0.5355555555555556
1580,3293.jpg,0.412962962962963
1581,3294.jpg,0.32460567823343844
1582,3295.jpg,0.3624223602484472
1583,3299.jpg,0.4612307692307692
1584,330.jpg,0.5966666666666667
1585,3304.jpg,0.5246056782334385
1586,3307.jpg,0.4167202572347267
1587,3308.jpg,0.5680379746835442
1588,331.jpg,0.46974789915966386
1589,3310.jpg,0.48385093167701865
1590,3312.jpg,0.42721518987341767
1591,3314.jpg,0.4261980830670926
1592,3315.jpg,0.3212025316455696
1593,3316.jpg,0.6209374999999999
1594,3317.jpg,0.5808641975308642
1595,3320.jpg,0.3743827160493827
1596,3321.jpg,0.591358024691358
1597,3322.jpg,0.4953271028037383
1598,3323.jpg,0.6818461538461539
1599,3327.jpg,0.6141955835962145
1600,3329.jpg,0.5251515151515151
1601,333.jpg,0.40588235294117647
1602,3330.jpg,0.37777777777777777
1603,3331.jpg,0.6737003058103975
1604,3332.jpg,0.3996865203761756
1605,3333.jpg,0.5965189873417722
1606,3335.jpg,0.5175925925925926
1607,3336.jpg,0.7055384615384616
1608,3337.jpg,0.5748407643312101
1609,3338.jpg,0.5453968253968254
1610,334.jpg,0.4694915254237288
1611,3343.jpg,0.2863057324840764
1612,3344.jpg,0.5213166144200627
1613,3345.jpg,0.4624605678233438
1614,3346.jpg,0.5398713826366559
1615,3347.jpg,0.5325227963525836
1616,3348.jpg,0.5417721518987342
1617,3349.jpg,0.49312500000000004
1618,3351.jpg,0.5778125000000001
1619,3352.jpg,0.5748447204968944
1620,3353.jpg,0.6946875
1621,3355.jpg,0.5530487804878048
1622,3356.jpg,0.496594427244582
1623,3357.jpg,0.48267477203647413
1624,3360.jpg,0.5469325153374233
1625,3362.jpg,0.7207430340557275
1626,3363.jpg,0.5532915360501567
1627,3364.jpg,0.5047770700636943
1628,3365.jpg,0.48300653594771237
1629,3367.jpg,0.5144171779141105
1630,337.jpg,0.576271186440678
1631,3372.jpg,0.5174603174603175
1632,3374.jpg,0.4532258064516129
1633,3377.jpg,0.49127725856697824
1634,3379.jpg,0.5394984326018808
1635,338.jpg,0.4915254237288136
1636,3381.jpg,0.46218750000000003
1637,3382.jpg,0.30974842767295596
1638,3383.jpg,0.5263322884012539
1639,3385.jpg,0.49297124600638975
1640,3386.jpg,0.541692789968652
1641,3387.jpg,0.45460317460317456
1642,3388.jpg,0.5214057507987221
1643,3389.jpg,0.3823529411764706
1644,3390.jpg,0.5753894080996884
1645,3394.jpg,0.4354037267080745
1646,3395.jpg,0.5249211356466877
1647,3396.jpg,0.5287066246056782
1648,3397.jpg,0.4608832807570978
1649,3398.jpg,0.5900641025641026
1650,340.jpg,0.4788135593220339
1651,3400.jpg,0.33540372670807456
1652,3402.jpg,0.5972222222222222
1653,3403.jpg,0.4809523809523809
1654,3404.jpg,0.445625
1655,3405.jpg,0.4669811320754717
1656,3406.jpg,0.6679012345679013
1657,3407.jpg,0.458125
1658,3408.jpg,0.5746130030959752
1659,3409.jpg,0.7246913580246914
1660,3410.jpg,0.6141065830721003
1661,3411.jpg,0.6227129337539432
1662,3413.jpg,0.5642633228840126
1663,3414.jpg,0.5580645161290323
1664,3415.jpg,0.5357827476038339
1665,3416.jpg,0.6687096774193548
1666,3417.jpg,0.5035143769968051
1667,3418.jpg,0.49615384615384617
1668,3419.jpg,0.4826625386996904
1669,342.jpg,0.5610169491525424
1670,3420.jpg,0.6411214953271027
1671,3421.jpg,0.5888178913738019
1672,3422.jpg,0.4325949367088608
1673,3424.jpg,0.5474522292993631
1674,3426.jpg,0.6626959247648903
1675,3429.jpg,0.6532710280373831
1676,3430.jpg,0.47067901234567905
1677,3431.jpg,0.5712460063897764
1678,3432.jpg,0.6096153846153846
1679,3433.jpg,0.6009677419354839
1680,3434.jpg,0.5506329113924051
1681,3435.jpg,0.5757861635220125
1682,3436.jpg,0.3775
1683,3437.jpg,0.38867313915857604
1684,3438.jpg,0.5353658536585366
1685,3439.jpg,0.3931818181818182
1686,344.jpg,0.49576271186440674
1687,3440.jpg,0.5348101265822784
1688,3442.jpg,0.5365079365079365
1689,3443.jpg,0.5038095238095238
1690,3444.jpg,0.46677316293929716
1691,3445.jpg,0.629245283018868
1692,3446.jpg,0.42032258064516126
1693,3447.jpg,0.510625
1694,3448.jpg,0.6803225806451614
1695,3453.jpg,0.5377358490566038
1696,3454.jpg,0.5101167315175097
1697,3455.jpg,0.4870229007633588
1698,3457.jpg,0.4596837944664031
1699,3458.jpg,0.49192307692307696
1700,3459.jpg,0.46818181818181814
1701,346.jpg,0.48290598290598286
1702,3460.jpg,0.724907063197026
1703,3461.jpg,0.47642585551330796
1704,3462.jpg,0.49469696969696975
1705,3463.jpg,0.6904411764705882
1706,3464.jpg,0.543579766536965
1707,3467.jpg,0.4801587301587301
1708,3468.jpg,0.3949612403100775
1709,3470.jpg,0.547410358565737
1710,3471.jpg,0.5201550387596899
1711,3473.jpg,0.5147286821705427
1712,3474.jpg,0.4419475655430712
1713,3478.jpg,0.5592156862745098
1714,3479.jpg,0.6033834586466165
1715,3481.jpg,0.5154440154440154
1716,3484.jpg,0.5695488721804511
1717,3485.jpg,0.4149425287356322
1718,3486.jpg,0.4703846153846154
1719,3487.jpg,0.5370229007633588
1720,3488.jpg,0.5824
1721,350.jpg,0.6186440677966102
1722,351.jpg,0.6410256410256411
1723,355.jpg,0.3564102564102564
1724,359.jpg,0.4711864406779661
1725,361.jpg,0.30840336134453783
1726,364.jpg,0.3542372881355932
1727,365.jpg,0.5273504273504274
1728,366.jpg,0.6692307692307693
1729,368.jpg,0.4379310344827586
1730,370.jpg,0.3646551724137931
1731,371.jpg,0.4379310344827586
1732,372.jpg,0.5086206896551724
1733,374.jpg,0.32413793103448274
1734,375.jpg,0.46324786324786327
1735,376.jpg,0.7449152542372881
1736,377.jpg,0.6675213675213676
1737,378.jpg,0.4239316239316239
1738,379.jpg,0.43760683760683766
1739,380.jpg,0.5203389830508475
1740,381.jpg,0.5025210084033613
1741,382.jpg,0.4627118644067797
1742,383.jpg,0.4516949152542373
1743,384.jpg,0.5101694915254237
1744,385.jpg,0.6570247933884297
1745,386.jpg,0.4931623931623932
1746,388.jpg,0.6666666666666667
1747,389.jpg,0.6504273504273504
1748,391.jpg,0.6491803278688525
1749,392.jpg,0.4125
1750,393.jpg,0.45714285714285713
1751,394.jpg,0.49495798319327733
1752,395.jpg,0.426890756302521
1753,397.jpg,0.40252100840336136
1754,398.jpg,0.3974789915966387
1755,399.jpg,0.5067226890756302
1756,400.jpg,0.4546218487394958
1757,401.jpg,0.5025210084033613
1758,402.jpg,0.5168067226890757
1759,403.jpg,0.46554621848739497
1760,404.jpg,0.5788135593220339
1761,405.jpg,0.4016949152542373
1762,406.jpg,0.39152542372881355
1763,407.jpg,0.5383333333333333
1764,408.jpg,0.3563025210084034
1765,409.jpg,0.3691666666666667
1766,410.jpg,0.5378151260504203
1767,411.jpg,0.605
1768,412.jpg,0.3865546218487395
1769,413.jpg,0.37815126050420167
1770,414.jpg,0.36134453781512604
1771,417.jpg,0.39006622516556294
1772,423.jpg,0.4864516129032258
1773,425.jpg,0.5129032258064516
1774,429.jpg,0.5942307692307692
1775,430.jpg,0.6102564102564102
1776,431.jpg,0.5782051282051281
1777,432.jpg,0.4503184713375796
1778,434.jpg,0.5412903225806451
1779,438.jpg,0.6251612903225807
1780,441.jpg,0.5767741935483871
1781,442.jpg,0.5607843137254902
1782,443.jpg,0.4602649006622516
1783,444.jpg,0.4842105263157895
1784,448.jpg,0.6900000000000001
1785,449.jpg,0.7059210526315789
1786,452.jpg,0.44666666666666666
1787,453.jpg,0.5569536423841059
1788,454.jpg,0.5039735099337748
1789,455.jpg,0.480794701986755
1790,456.jpg,0.595364238410596
1791,457.jpg,0.5346666666666666
1792,460.jpg,0.41824324324324325
1793,461.jpg,0.5304054054054055
1794,462.jpg,0.4743243243243243
1795,465.jpg,0.6326530612244898
1796,467.jpg,0.5751724137931035
1797,469.jpg,0.4708333333333333
1798,470.jpg,0.4708333333333333
1799,471.jpg,0.5916666666666667
1800,473.jpg,0.47847222222222224
1801,478.jpg,0.4918918918918919
1802,482.jpg,0.6360544217687074
1803,483.jpg,0.6680272108843537
1804,484.jpg,0.5081632653061224
1805,485.jpg,0.5664429530201343
1806,486.jpg,0.5610738255033557
1807,487.jpg,0.4573333333333333
1808,488.jpg,0.7258278145695364
1809,489.jpg,0.6033557046979865
1810,490.jpg,0.616891891891892
1811,492.jpg,0.4612244897959184
1812,493.jpg,0.6912162162162162
1813,494.jpg,0.562251655629139
1814,495.jpg,0.488
1815,496.jpg,0.3751677852348993
1816,497.jpg,0.6053333333333334
1817,498.jpg,0.484
1818,499.jpg,0.4953333333333333
1819,500.jpg,0.5108108108108108
1820,501.jpg,0.548993288590604
1821,502.jpg,0.4375838926174497
1822,503.jpg,0.5319727891156463
1823,505.jpg,0.5809210526315789
1824,506.jpg,0.6496644295302014
1825,507.jpg,0.31486486486486487
1826,510.jpg,0.640268456375839
1827,513.jpg,0.3636904761904762
1828,519.jpg,0.640119760479042
1829,521.jpg,0.7640718562874251
1830,522.jpg,0.42976190476190473
1831,523.jpg,0.6476190476190476
1832,524.jpg,0.5620481927710843
1833,525.jpg,0.474251497005988
1834,527.jpg,0.4133333333333334
1835,528.jpg,0.33072289156626505
1836,53.jpg,0.7104651162790698
1837,530.jpg,0.3815476190476191
1838,534.jpg,0.5347305389221557
1839,535.jpg,0.6514792899408284
1840,54.jpg,0.4534883720930233
1841,540.jpg,0.6386904761904761
1842,541.jpg,0.6095238095238095
1843,542.jpg,0.6282208588957056
1844,543.jpg,0.6202380952380953
1845,547.jpg,0.46807228915662646
1846,548.jpg,0.61
1847,549.jpg,0.48982035928143713
1848,551.jpg,0.6130177514792899
1849,552.jpg,0.48915662650602415
1850,554.jpg,0.47604790419161674
1851,555.jpg,0.6553571428571429
1852,557.jpg,0.5803571428571429
1853,558.jpg,0.5023952095808383
1854,561.jpg,0.4548780487804878
1855,562.jpg,0.5493975903614458
1856,563.jpg,0.65
1857,570.jpg,0.4778443113772455
1858,571.jpg,0.6005917159763314
1859,572.jpg,0.5178571428571429
1860,573.jpg,0.6478787878787878
1861,574.jpg,0.6470588235294118
1862,575.jpg,0.36585365853658536
1863,576.jpg,0.6373493975903615
1864,577.jpg,0.6550295857988166
1865,579.jpg,0.5682926829268292
1866,580.jpg,0.536144578313253
1867,581.jpg,0.6410714285714285
1868,584.jpg,0.6285714285714286
1869,585.jpg,0.4727810650887574
1870,586.jpg,0.5751515151515152
1871,588.jpg,0.5898203592814372
1872,591.jpg,0.47604790419161674
1873,594.jpg,0.3059880239520958
1874,595.jpg,0.6530120481927711
1875,596.jpg,0.5424242424242424
1876,597.jpg,0.6880952380952381
1877,598.jpg,0.44216867469879517
1878,600.jpg,0.6087209302325581
1879,601.jpg,0.5538922155688623
1880,602.jpg,0.30479041916167665
1881,603.jpg,0.5638036809815951
1882,606.jpg,0.6244047619047619
1883,608.jpg,0.4716867469879518
1884,610.jpg,0.5297619047619048
1885,612.jpg,0.5865853658536586
1886,615.jpg,0.5526946107784431
1887,616.jpg,0.24060606060606063
1888,617.jpg,0.5538922155688623
1889,618.jpg,0.552439024390244
1890,620.jpg,0.6
1891,621.jpg,0.6765060240963855
1892,622.jpg,0.5150602409638554
1893,623.jpg,0.5625
1894,624.jpg,0.3726190476190476
1895,637.jpg,0.6368983957219252
1896,639.jpg,0.6164893617021276
1897,644.jpg,0.6827225130890052
1898,645.jpg,0.38253968253968257
1899,646.jpg,0.5625
1900,647.jpg,0.6287292817679557
1901,648.jpg,0.5208333333333333
1902,649.jpg,0.5937172774869109
1903,650.jpg,0.6731182795698925
1904,654.jpg,0.6078947368421053
1905,655.jpg,0.4228260869565218
1906,656.jpg,0.4592391304347826
1907,657.jpg,0.5253968253968254
1908,658.jpg,0.4377659574468085
1909,66.jpg,0.46941176470588236
1910,660.jpg,0.5608465608465608
1911,662.jpg,0.5151351351351352
1912,667.jpg,0.5532258064516129
1913,668.jpg,0.48085106382978726
1914,669.jpg,0.4442708333333333
1915,670.jpg,0.617989417989418
1916,671.jpg,0.5642105263157895
1917,673.jpg,0.5219895287958115
1918,680.jpg,0.5552631578947368
1919,681.jpg,0.5377659574468086
1920,684.jpg,0.7343915343915344
1921,69.jpg,0.48588235294117643
1922,690.jpg,0.34361702127659577
1923,695.jpg,0.5243523316062176
1924,697.jpg,0.5863874345549738
1925,70.jpg,0.5686046511627907
1926,700.jpg,0.5592783505154639
1927,704.jpg,0.6180851063829788
1928,706.jpg,0.6377049180327868
1929,71.jpg,0.8044943820224718
1930,710.jpg,0.576536312849162
1931,712.jpg,0.6711956521739131
1932,713.jpg,0.5606382978723404
1933,715.jpg,0.5900000000000001
1934,716.jpg,0.43882978723404253
1935,717.jpg,0.45
1936,718.jpg,0.5765957446808511
1937,722.jpg,0.573936170212766
1938,724.jpg,0.5383783783783784
1939,726.jpg,0.5526041666666667
1940,727.jpg,0.41047120418848165
1941,728.jpg,0.5132275132275133
1942,729.jpg,0.23138297872340424
1943,730.jpg,0.6596774193548387
1944,734.jpg,0.5172972972972973
1945,735.jpg,0.3816216216216216
1946,736.jpg,0.4804232804232805
1947,738.jpg,0.7754010695187166
1948,739.jpg,0.5686170212765957
1949,743.jpg,0.439344262295082
1950,746.jpg,0.566304347826087
1951,747.jpg,0.5893617021276596
1952,748.jpg,0.4173684210526316
1953,749.jpg,0.5679347826086956
1954,75.jpg,0.5898876404494382
1955,755.jpg,0.6670212765957447
1956,756.jpg,0.4983870967741935
1957,757.jpg,0.5989583333333333
1958,758.jpg,0.5128342245989305
1959,759.jpg,0.7581151832460733
1960,76.jpg,0.4204545454545454
1961,760.jpg,0.5327956989247312
1962,763.jpg,0.5173684210526316
1963,764.jpg,0.5232804232804232
1964,765.jpg,0.49000000000000005
1965,766.jpg,0.5260416666666667
1966,767.jpg,0.5491978609625668
1967,77.jpg,0.6956521739130435
1968,771.jpg,0.6760869565217391
1969,772.jpg,0.5365079365079365
1970,773.jpg,0.5294736842105263
1971,774.jpg,0.6368421052631579
1972,775.jpg,0.36210526315789476
1973,776.jpg,0.560752688172043
1974,780.jpg,0.4358288770053476
1975,781.jpg,0.5462765957446808
1976,782.jpg,0.5272251308900524
1977,783.jpg,0.49572192513368984
1978,785.jpg,0.5026595744680851
1979,786.jpg,0.5576530612244899
1980,787.jpg,0.4862637362637362
1981,788.jpg,0.3752688172043011
1982,789.jpg,0.6675675675675675
1983,790.jpg,0.4864864864864865
1984,792.jpg,0.5714285714285714
1985,793.jpg,0.5597883597883598
1986,794.jpg,0.6213903743315508
1987,795.jpg,0.5464864864864865
1988,796.jpg,0.3655913978494624
1989,797.jpg,0.49837837837837834
1990,798.jpg,0.4486772486772487
1991,801.jpg,0.5692682926829268
1992,803.jpg,0.36534653465346534
1993,805.jpg,0.6206896551724138
1994,806.jpg,0.44749999999999995
1995,813.jpg,0.5801932367149758
1996,815.jpg,0.6080402010050252
1997,818.jpg,0.4350253807106599
1998,820.jpg,0.6107317073170732
1999,821.jpg,0.502970297029703
2000,822.jpg,0.5798076923076924
2001,823.jpg,0.6023923444976076
2002,826.jpg,0.47064676616915424
2003,827.jpg,0.6674876847290641
2004,829.jpg,0.46299999999999997
2005,831.jpg,0.5370731707317074
2006,833.jpg,0.49068627450980395
2007,834.jpg,0.404
2008,835.jpg,0.5163366336633664
2009,836.jpg,0.5560386473429951
2010,837.jpg,0.5712195121951219
2011,838.jpg,0.5405940594059406
2012,840.jpg,0.5994974874371859
2013,841.jpg,0.7414141414141414
2014,843.jpg,0.727363184079602
2015,844.jpg,0.6678217821782179
2016,845.jpg,0.7819512195121952
2017,846.jpg,0.5692682926829268
2018,847.jpg,0.5159203980099503
2019,848.jpg,0.648019801980198
2020,851.jpg,0.5651515151515152
2021,852.jpg,0.5157360406091371
2022,857.jpg,0.4627450980392157
2023,858.jpg,0.690566037735849
2024,859.jpg,0.6602941176470588
2025,861.jpg,0.6333333333333333
2026,862.jpg,0.7396135265700483
2027,865.jpg,0.5183574879227053
2028,866.jpg,0.5736585365853658
2029,868.jpg,0.5751219512195122
2030,869.jpg,0.37435897435897436
2031,87.jpg,0.3230769230769231
2032,872.jpg,0.5808080808080808
2033,873.jpg,0.45637254901960783
2034,875.jpg,0.6607843137254902
2035,876.jpg,0.44349999999999995
2036,877.jpg,0.26218905472636816
2037,879.jpg,0.5111111111111111
2038,881.jpg,0.4794117647058823
2039,882.jpg,0.5892156862745098
2040,883.jpg,0.33432835820895523
2041,884.jpg,0.31336633663366337
2042,886.jpg,0.4554455445544554
2043,887.jpg,0.291747572815534
2044,888.jpg,0.6769607843137255
2045,889.jpg,0.3895522388059701
2046,890.jpg,0.3365853658536585
2047,893.jpg,0.4180487804878049
2048,894.jpg,0.47970297029702974
2049,896.jpg,0.6339805825242719
2050,897.jpg,0.5764423076923076
2051,899.jpg,0.5433497536945813
2052,900.jpg,0.5688775510204082
2053,901.jpg,0.5979797979797981
2054,902.jpg,0.5939698492462312
2055,903.jpg,0.5653658536585365
2056,904.jpg,0.58643216080402
2057,912.jpg,0.497029702970297
2058,916.jpg,0.5135135135135135
2059,917.jpg,0.5980000000000001
2060,918.jpg,0.4776649746192893
2061,919.jpg,0.4288557213930348
2062,920.jpg,0.5596059113300493
2063,921.jpg,0.2834170854271357
2064,922.jpg,0.37524271844660195
2065,923.jpg,0.5421319796954315
2066,924.jpg,0.5955882352941176
2067,925.jpg,0.5325123152709359
2068,926.jpg,0.6378109452736318
2069,927.jpg,0.5703517587939698
2070,929.jpg,0.4934010152284264
2071,930.jpg,0.5594202898550724
2072,931.jpg,0.38088235294117645
2073,932.jpg,0.491044776119403
2074,933.jpg,0.48457711442786067
2075,935.jpg,0.44975124378109455
2076,936.jpg,0.5313432835820896
2077,938.jpg,0.5305
2078,939.jpg,0.5054455445544555
2079,941.jpg,0.4859223300970874
2080,943.jpg,0.2601010101010101
2081,944.jpg,0.43039215686274507
2082,945.jpg,0.5409756097560976
2083,946.jpg,0.8039408866995075
2084,947.jpg,0.43681592039801
2085,949.jpg,0.3995
2086,951.jpg,0.5085858585858586
2087,953.jpg,0.49701492537313435
2088,955.jpg,0.516
2089,956.jpg,0.5830845771144278
2090,957.jpg,0.5185929648241207
2091,959.jpg,0.352
2092,978.jpg,0.6468899521531101
2093,979.jpg,0.6893203883495145
2094,983.jpg,0.6736318407960199
2095,989.jpg,0.5540404040404041
2096,991.jpg,0.551980198019802
2097,996.jpg,0.6075
2098,997.jpg,0.5635467980295567
